3,2,3,meltem,reservation
3,2,4,meltem,cancel
3,2,3,meltem,reservation
3,2,3,meltem,checkin
3,2,3,meltem,check-out
3,2,3,meltem,reservation
3,2,4,meltem,cancel
3,2,3,meltem,reservation
3,2,3,meltem,checkin
3,2,3,meltem,check-out
3,2,3,meltem,reservation
3,2,4,meltem,cancel
3,2,3,meltem,reservation
3,2,3,meltem,checkin
3,2,3,meltem,check-out
1,1,14,mesut,reservation
1,1,15,mesut,cancel
1,1,14,mesut,reservation
1,1,15,mesut,cancel
1,1,14,mesut,reservation
1,1,15,mesut,cancel
3,2,3,meltem,reservation
3,2,3,meltem,cancel
3,2,3,meltem,reservation
3,2,3,meltem,checkin
3,2,3,meltem,check-out
3,2,3,meltem,reservation
3,2,3,meltem,cancel
3,2,3,meltem,reservation
3,2,3,meltem,checkin
3,2,3,meltem,check-out
3,2,3,meltem,reservation
3,2,3,meltem,cancel
3,2,3,meltem,reservation
3,2,3,meltem,checkin
3,2,3,meltem,check-out
3,2,3,meltem,reservation
3,2,3,meltem,cancel
3,2,3,meltem,reservation
3,2,3,meltem,checkin
3,2,3,meltem,check-out
3,2,3,meltem,reservation
3,2,3,meltem,cancel
3,2,3,meltem,reservation
3,2,3,meltem,checkin
3,2,3,meltem,check-out
3,2,3,meltem,reservation
3,2,3,meltem,cancel
3,2,3,meltem,reservation
3,2,3,meltem,checkin
3,2,3,meltem,check-out
1,1,14,mesut,reservation
1,1,14,mesut,cancel
1,1,1,mesut,reservation
1,1,1,mesut,reservation
3,2,1,meltem,reservation
3,2,1,bünyamin,reservation
3,2,1,bünyamin,checkin
3,2,1,bünyamin,check-out
3,2,1,meltem,reservation
3,2,1,meltem,checkin
3,2,1,bünyamin,check-out
3,2,1,meltem,reservation
3,2,1,meltem,checkin
3,2,1,bünyamin,check-out
3,2,1,meltem,reservation
3,2,1,meltem,checkin
3,2,1,bünyamin,check-out
3,2,1,meltem,reservation
3,2,1,meltem,checkin
3,2,1,bünyamin,check-out
1,1,14,mesut,reservation
1,1,14,mesut,cancel
3,2,3,meltem,reservation
3,2,3,meltem,cancel
3,2,3,meltem,reservation
3,2,3,meltem,checkin
3,2,3,meltem,check-out
3,2,3,meltem,reservation
3,2,3,meltem,cancel
3,2,3,meltem,reservation
3,2,3,meltem,checkin
3,2,3,meltem,check-out
3,2,1,meltem,reservation
3,2,1,bünyamin,reservation
3,2,1,bünyamin,checkin
3,2,1,bünyamin,check-out
3,2,1,meltem,reservation
3,2,1,meltem,checkin
3,2,1,bünyamin,check-out
3,2,1,meltem,reservation
3,2,1,meltem,checkin
3,2,1,bünyamin,check-out
3,2,1,meltem,reservation
3,2,1,meltem,checkin
3,2,1,bünyamin,check-out
3,2,1,meltem,reservation
3,2,1,meltem,checkin
3,2,1,bünyamin,check-out
3,2,1,meltem,reservation
3,2,1,meltem,checkin
3,2,1,bünyamin,check-out
3,2,3,meltem,reservation
3,2,3,meltem,cancel
3,2,3,meltem,reservation
3,2,3,meltem,checkin
3,2,3,meltem,check-out
1,1,1,mesut,reservation
3,2,1,meltem,reservation
3,2,1,meltem,checkin
3,2,1,bünyamin,check-out
